name: sergey; tel: 132456
name: figaro; tel: 89076
name: git; tel: 90876
name: sergey; tel: 132456
name: figaro; tel: 89076
name: git; tel: 90876
name: sergey; tel: 132456
name: figaro; tel: 89076
name: git; tel: 90876
name: sergey; tel: 132456
name: figaro; tel: 89076
name: git; tel: 90876
name: sergey; tel: 132456
name: figaro; tel: 89076
name: git; tel: 90876
name: sergey; tel: 132456
name: figaro; tel: 89076
name: git; tel: 90876
name: sergey; tel: 132456
name: figaro; tel: 89076
name: git; tel: 90876
name: sergey; tel: 132456
name: figaro; tel: 89076
name: git; tel: 90876
name: sergey; tel: 132456
name: figaro; tel: 89076
name: git; tel: 90876
name: sergey; tel: 132456
name: figaro; tel: 89076
name: git; tel: 90876
name: sergey; tel: 132456
name: figaro; tel: 89076
name: git; tel: 90876
name: sergey; tel: 132456
name: figaro; tel: 89076
name: git; tel: 90876
name: sergey; tel: 132456
name: figaro; tel: 89076
name: git; tel: 90876
name: sergey; tel: 132456
name: figaro; tel: 89076
name: git; tel: 90876
name: sergey; tel: 132456
name: figaro; tel: 89076
name: git; tel: 90876
name: sergey; tel: 132456
name: figaro; tel: 89076
name: git; tel: 90876
name: sergey; tel: 132456
name: figaro; tel: 89076
name: git; tel: 90876
name: sergey; tel: 132456
name: figaro; tel: 89076
name: git; tel: 90876
name: sergey; tel: 132456
name: figaro; tel: 89076
name: git; tel: 90876
name: sergey; tel: 132456
name: figaro; tel: 89076
name: git; tel: 90876
name: sergey; tel: 132456
name: figaro; tel: 89076
name: git; tel: 90876
name: sergey; tel: 132456
name: figaro; tel: 89076
name: git; tel: 90876
name: sergey; tel: 132456
name: figaro; tel: 89076
name: git; tel: 90876
name: sergey; tel: 132456
name: figaro; tel: 89076
